val_loss,val_acc,epoch,step,train_loss,train_acc,test_loss,test_acc
0.5853821039199829,0.7699999809265137,0,599,,,,
,,0,599,0.9976742267608643,0.6237499713897705,,
,,0,600,,,0.5770787596702576,0.781374990940094
