val_loss,val_acc,epoch,step,train_loss,train_acc,test_loss,test_acc
0.6509345769882202,0.7465000152587891,0,599,,,,
,,0,599,0.9964032173156738,0.623033344745636,,
,,0,600,,,0.6430835127830505,0.7570000290870667
